{
  "users": [
    {
      "fullName": "Vivek",
      "email": "vivekjethva18@gmail.com",
      "subject": "Work",
      "message": "I like your Projects",
      "id": 1
    },
    {
      "fullName": "Vivek Jethva",
      "email": "vivekjethva184@gmail.com",
      "subject": "Post",
      "message": "asdasd",
      "id": 2
    },
    {
      "fullName": "Vivek Jethva",
      "email": "vivekhjtv18@gmail.com",
      "subject": "asds",
      "message": "ghdfghdfgh gfh",
      "id": 3
    },
    {
      "fullName": "Vivek Jethva",
      "email": "vivekjethva18@gmail.com",
      "subject": "eqw",
      "message": "qweqwe",
      "id": 4
    }
  ]
}